{
    "total_runtime": 0.4078340530395508,
    "num_documents": 1,
    "input_load_time": 0,
    "workflows": {
        "create_base_text_units": {
            "overall": 0.23793601989746094,
            "0_orderby": 0.004492044448852539,
            "1_zip": 0.003859281539916992,
            "2_aggregate_override": 0.007802009582519531,
            "3_chunk": 0.17850995063781738,
            "4_select": 0.0036079883575439453,
            "5_unroll": 0.006831169128417969,
            "6_rename": 0.0033800601959228516,
            "7_genid": 0.003577709197998047,
            "8_unzip": 0.004217863082885742,
            "9_copy": 0.003721952438354492,
            "10_filter": 0.0159759521484375
        }
    }
}