{
    "total_runtime": 0.588616132736206,
    "num_documents": 1,
    "input_load_time": 0,
    "workflows": {
        "create_base_text_units": {
            "overall": 0.27599620819091797,
            "0_orderby": 0.010374069213867188,
            "1_zip": 0.004746913909912109,
            "2_aggregate_override": 0.01143789291381836,
            "3_chunk": 0.1944718360900879,
            "4_select": 0.008341073989868164,
            "5_unroll": 0.011022806167602539,
            "6_rename": 0.003493070602416992,
            "7_genid": 0.0037429332733154297,
            "8_unzip": 0.005137920379638672,
            "9_copy": 0.0038411617279052734,
            "10_filter": 0.017379045486450195
        }
    }
}