{
    "total_runtime": 0.39890408515930176,
    "num_documents": 1,
    "input_load_time": 0,
    "workflows": {
        "create_base_text_units": {
            "overall": 0.2279360294342041,
            "0_orderby": 0.0024650096893310547,
            "1_zip": 0.0025720596313476562,
            "2_aggregate_override": 0.0049211978912353516,
            "3_chunk": 0.1759810447692871,
            "4_select": 0.003490924835205078,
            "5_unroll": 0.004206180572509766,
            "6_rename": 0.0032279491424560547,
            "7_genid": 0.0037047863006591797,
            "8_unzip": 0.004167079925537109,
            "9_copy": 0.0039520263671875,
            "10_filter": 0.01719379425048828
        }
    }
}