{
    "total_runtime": 0.39859890937805176,
    "num_documents": 1,
    "input_load_time": 0,
    "workflows": {
        "create_base_text_units": {
            "overall": 0.23505616188049316,
            "0_orderby": 0.0048220157623291016,
            "1_zip": 0.0038661956787109375,
            "2_aggregate_override": 0.007473945617675781,
            "3_chunk": 0.17470312118530273,
            "4_select": 0.0040340423583984375,
            "5_unroll": 0.010844230651855469,
            "6_rename": 0.003340005874633789,
            "7_genid": 0.003537893295288086,
            "8_unzip": 0.004401206970214844,
            "9_copy": 0.0037488937377929688,
            "10_filter": 0.012347936630249023
        }
    }
}