{
    "total_runtime": 2.278012990951538,
    "num_documents": 1,
    "input_load_time": 0,
    "workflows": {
        "create_base_text_units": {
            "overall": 0.6379380226135254,
            "0_orderby": 0.02360820770263672,
            "1_zip": 0.007925987243652344,
            "2_aggregate_override": 0.016865015029907227,
            "3_chunk": 0.43989992141723633,
            "4_select": 0.01706099510192871,
            "5_unroll": 0.019304990768432617,
            "6_rename": 0.011948108673095703,
            "7_genid": 0.017657995223999023,
            "8_unzip": 0.013499021530151367,
            "9_copy": 0.007470846176147461,
            "10_filter": 0.0594329833984375
        }
    }
}