{
    "total_runtime": 0.4081153869628906,
    "num_documents": 1,
    "input_load_time": 0,
    "workflows": {
        "create_base_text_units": {
            "overall": 0.23328733444213867,
            "0_orderby": 0.0039598941802978516,
            "1_zip": 0.0038471221923828125,
            "2_aggregate_override": 0.006840944290161133,
            "3_chunk": 0.17818808555603027,
            "4_select": 0.004081010818481445,
            "5_unroll": 0.006478071212768555,
            "6_rename": 0.0032820701599121094,
            "7_genid": 0.003493070602416992,
            "8_unzip": 0.004522085189819336,
            "9_copy": 0.0036439895629882812,
            "10_filter": 0.013046026229858398
        }
    }
}