{
    "total_runtime": 0.4123961925506592,
    "num_documents": 1,
    "input_load_time": 0,
    "workflows": {
        "create_base_text_units": {
            "overall": 0.23737001419067383,
            "0_orderby": 0.00557708740234375,
            "1_zip": 0.003104686737060547,
            "2_aggregate_override": 0.006906270980834961,
            "3_chunk": 0.18143582344055176,
            "4_select": 0.0042629241943359375,
            "5_unroll": 0.006534099578857422,
            "6_rename": 0.003275156021118164,
            "7_genid": 0.003568887710571289,
            "8_unzip": 0.004268169403076172,
            "9_copy": 0.0037369728088378906,
            "10_filter": 0.012708902359008789
        }
    }
}