{
    "total_runtime": 0.3944687843322754,
    "num_documents": 1,
    "input_load_time": 0,
    "workflows": {
        "create_base_text_units": {
            "overall": 0.22986793518066406,
            "0_orderby": 0.004645109176635742,
            "1_zip": 0.0030372142791748047,
            "2_aggregate_override": 0.006695985794067383,
            "3_chunk": 0.1762218475341797,
            "4_select": 0.0036568641662597656,
            "5_unroll": 0.006626129150390625,
            "6_rename": 0.003300905227661133,
            "7_genid": 0.003576040267944336,
            "8_unzip": 0.0041620731353759766,
            "9_copy": 0.003634929656982422,
            "10_filter": 0.012351036071777344
        }
    }
}