{
    "total_runtime": 3.1931421756744385,
    "num_documents": 1,
    "input_load_time": 0,
    "workflows": {
        "create_base_text_units": {
            "overall": 1.2392239570617676,
            "0_orderby": 0.08437609672546387,
            "1_zip": 0.0246121883392334,
            "2_aggregate_override": 0.0542302131652832,
            "3_chunk": 0.5333511829376221,
            "4_select": 0.01739811897277832,
            "5_unroll": 0.02952289581298828,
            "6_rename": 0.02373504638671875,
            "7_genid": 0.023789167404174805,
            "8_unzip": 0.24622488021850586,
            "9_copy": 0.014351129531860352,
            "10_filter": 0.17896699905395508
        }
    }
}