{
    "total_runtime": 0.43875813484191895,
    "num_documents": 1,
    "input_load_time": 0,
    "workflows": {
        "create_base_text_units": {
            "overall": 0.24437308311462402,
            "0_orderby": 0.00791788101196289,
            "1_zip": 0.004007816314697266,
            "2_aggregate_override": 0.007439136505126953,
            "3_chunk": 0.18288373947143555,
            "4_select": 0.004364013671875,
            "5_unroll": 0.007987022399902344,
            "6_rename": 0.0033299922943115234,
            "7_genid": 0.0037240982055664062,
            "8_unzip": 0.004256010055541992,
            "9_copy": 0.0036149024963378906,
            "10_filter": 0.012817859649658203
        }
    }
}